trip_id,duration_x,end_station_x,bike_id_x,passholder_type_x,Date_e_x,Weekday_e_x,Hour_e_x,avg_trip_count,idle_time_minutes_x,idle_bikes_count,temperature,windspeed,bad_weather
365198537,11,3012,3289,Indego365,2021-01-01,4,11,14.702777777777778,1609.0,11,-2.0,6.0,0
365258430,7,3163,3289,Indego30,2021-01-02,5,14,25.94650205761317,77.0,3,8.0,15.0,0
365261890,48,3163,3289,Day Pass,2021-01-02,5,16,21.129172714078376,2378.0,12,12.0,28.0,0
365361027,8,3014,3289,Indego30,2021-01-04,0,8,21.129172714078376,494.0,1,2.0,11.0,0
365373128,6,3182,3289,Indego30,2021-01-04,0,16,7.330914368650218,7375.0,51,5.0,17.0,0
365684476,9,3182,3289,Indego30,2021-01-09,5,19,14.934156378600823,5090.0,30,6.0,20.0,0
365858929,4,3066,3289,Indego30,2021-01-13,2,8,17.982093663911847,513.0,13,-1.0,7.0,0
365873210,61,3032,3289,Indego30,2021-01-13,2,18,29.28395061728395,879.0,14,6.0,22.0,0
365913928,7,3022,3289,Indego365,2021-01-14,3,9,36.32967032967033,1315.0,11,1.0,0.0,0
365966340,18,3018,3289,Indego365,2021-01-15,4,7,26.441700960219478,752.0,20,5.0,9.0,0
366012998,3,3055,3289,Indego30,2021-01-15,4,19,21.213498622589533,1282.0,13,8.0,11.0,1
366036640,20,3164,3289,Indego365,2021-01-16,5,17,17.951856946354884,14079.0,73,8.0,15.0,0
366606329,12,3045,3289,Indego365,2021-01-26,1,12,12.678620689655173,13192.0,116,2.0,9.0,0
367112896,51,3006,3289,Indego30,2021-02-04,3,17,32.76164383561644,38.0,3,2.0,30.0,0
367113829,14,3062,3289,Indego30,2021-02-04,3,17,19.300824175824175,2.0,0,4.0,20.0,0
367114174,4,3062,3289,Indego30,2021-02-04,3,18,10.35343618513324,26.0,1,4.0,20.0,0
367114141,10,3156,3289,Indego30,2021-02-04,3,18,10.35343618513324,118.0,0,4.0,22.0,0
367147628,2,3206,3289,Indego30,2021-02-04,3,20,15.68732782369146,3082.0,21,6.0,6.0,0
367261935,15,3168,3289,Indego30,2021-02-07,6,0,22.152592592592594,678.0,1,4.0,7.0,0
367275927,9,3007,3289,Indego365,2021-02-07,6,11,33.78326474622771,316.0,0,2.0,9.0,1
367283027,7,3213,3289,Indego365,2021-02-07,6,17,34.939643347050755,2887.0,17,1.0,15.0,1
367394530,7,3025,3289,Indego365,2021-02-09,1,17,32.96291208791209,6.0,0,2.0,11.0,0
367394627,3,3034,3289,Indego365,2021-02-09,1,17,14.467032967032967,37.0,0,2.0,17.0,1
367395580,11,3043,3289,Indego30,2021-02-09,1,18,18.048342541436465,2815.0,15,2.0,17.0,1
367505128,12,3010,3289,Indego30,2021-02-11,3,17,14.947802197802197,928.0,11,-1.0,15.0,0
367548029,6,3167,3289,Indego365,2021-02-12,4,8,40.65294924554184,199.0,4,-4.0,17.0,0
367553693,40,3155,3289,Indego30,2021-02-12,4,12,35.599112426035504,5369.0,22,-5.0,19.0,0
367757930,15,3201,3289,Indego365,2021-02-16,1,6,15.414701803051317,16322.0,51,2.0,15.0,1
368473262,30,3212,3289,Day Pass,2021-02-27,5,15,15.625172890733056,95.0,8,6.0,13.0,0
368483338,21,3064,3289,Indego365,2021-02-27,5,17,32.63726884779516,207.0,2,8.0,9.0,0
368513237,6,3063,3289,Indego30,2021-02-27,5,20,17.983493810178818,591.0,3,10.0,28.0,0
368550531,15,3070,3289,Indego30,2021-02-28,6,6,23.371742112482853,14912.0,43,4.0,7.0,0
369791446,14,3054,3289,Indego30,2021-03-10,2,15,6.4805755395683455,200.0,19,11.0,11.0,0
369844603,67,3057,3289,Day Pass,2021-03-10,2,20,32.99724896836314,1004.0,12,19.0,13.0,0
369944051,20,3057,3289,Day Pass,2021-03-11,3,13,28.44705882352941,52.0,6,9.0,0.0,0
369951732,13,3161,3289,Indego30,2021-03-11,3,14,28.44705882352941,106.0,1,11.0,7.0,0
369968666,24,3168,3289,Day Pass,2021-03-11,3,16,16.9625,1330.0,37,17.0,20.0,0
370144132,7,3054,3289,Indego30,2021-03-12,4,14,33.78326474622771,3114.0,56,18.0,19.0,0
370561243,22,3075,3289,Indego30,2021-03-14,6,18,32.99724896836314,1543.0,11,14.0,37.0,0
370772460,9,3054,3289,Indego365,2021-03-15,0,20,15.110958904109589,21022.0,354,6.0,26.0,0
373310829,9,3121,3289,Indego30,2021-03-30,1,11,8.124469589816124,115.0,2,4.0,0.0,0
373325828,4,3120,3289,Indego365,2021-03-30,1,13,13.633870967741936,5726.0,22,8.0,0.0,0
373990644,15,3061,3289,Indego30,2021-04-03,5,12,10.232167832167832,5563.0,116,3.0,20.0,0
374801033,3,3022,3289,Indego30,2021-04-07,2,9,20.692094313453538,107.0,2,12.0,0.0,0
374821343,22,3155,3289,Indego30,2021-04-07,2,11,26.441700960219478,155.0,5,13.0,0.0,0
374858496,68,3163,3289,Indego365,2021-04-07,2,15,15.414701803051317,2619.0,62,14.0,13.0,0
375315019,47,3102,3289,Indego30,2021-04-09,4,11,14.702777777777778,308.0,14,9.0,9.0,0
375382922,58,3102,3289,Indego30,2021-04-09,4,18,27.56749311294766,182.0,7,14.0,11.0,1
375454148,13,3170,3289,Indego30,2021-04-09,4,21,27.56749311294766,78.0,0,14.0,7.0,0
375461879,7,3168,3289,Indego30,2021-04-09,4,22,11.792767732962448,765.0,14,14.0,13.0,0
375567937,56,3111,3289,Day Pass,2021-04-10,5,12,33.78326474622771,249.0,15,12.0,7.0,0
375621007,30,3165,3289,Day Pass,2021-04-10,5,17,4.483812949640288,1046.0,7,16.0,9.0,0
375810630,6,3057,3289,Indego30,2021-04-11,6,10,12.31437125748503,2892.0,39,14.0,15.0,1
376263038,15,3201,3289,Indego30,2021-04-13,1,11,28.44705882352941,124.0,1,8.0,9.0,0
376280128,4,3156,3289,Indego30,2021-04-13,1,13,15.625172890733056,329.0,14,9.0,13.0,0
376328944,19,3074,3289,Indego30,2021-04-13,1,19,15.68732782369146,1215.0,14,16.0,6.0,0
376500336,10,3207,3289,Indego30,2021-04-14,2,15,13.075653370013756,1539.0,30,17.0,13.0,0
376737921,58,3207,3289,Indego30,2021-04-15,3,18,21.638239339752406,132.0,4,16.0,9.0,0
376809738,8,3006,3289,Indego30,2021-04-15,3,20,21.638239339752406,24.0,3,17.0,22.0,0
376809692,12,3168,3289,Indego30,2021-04-15,3,20,19.300824175824175,80.0,2,17.0,24.0,0
376816483,19,3062,3289,Indego365,2021-04-15,3,22,33.78326474622771,2389.0,18,16.0,24.0,0
377168594,114,3062,3289,Indego30,2021-04-17,5,16,10.35343618513324,124.0,4,12.0,20.0,0
377193184,42,3163,3289,Day Pass,2021-04-17,5,19,10.35343618513324,3.0,1,13.0,11.0,0
377193063,27,3057,3289,Day Pass,2021-04-17,5,19,21.129172714078376,169.0,7,13.0,9.0,0
377264677,15,3035,3289,Indego30,2021-04-17,5,22,28.44705882352941,828.0,11,14.0,11.0,0
377364350,28,3054,3289,Indego30,2021-04-18,6,12,16.5,350.0,43,11.0,7.0,0
377423390,4,3102,3289,Indego30,2021-04-18,6,18,32.99724896836314,921.0,13,17.0,6.0,0
377592391,9,3205,3289,Indego30,2021-04-19,0,10,27.56749311294766,485.0,5,9.0,6.0,0
377671392,7,3059,3289,Indego30,2021-04-19,0,18,12.595833333333333,20.0,0,17.0,26.0,0
377680445,51,3059,3289,Day Pass,2021-04-19,0,19,16.649655172413794,1396.0,31,17.0,26.0,0
377939126,23,3050,3289,Indego30,2021-04-20,1,19,16.649655172413794,1.0,2,24.0,26.0,0
377939043,14,3075,3289,Indego30,2021-04-20,1,19,17.001381215469614,4289.0,24,24.0,26.0,0
378630201,8,3075,3289,Indego30,2021-04-23,4,19,15.110958904109589,55.0,3,16.0,41.0,0
378696887,7,3056,3289,Indego30,2021-04-23,4,20,15.110958904109589,4119.0,76,17.0,26.0,0
379268007,28,3102,3289,Indego30,2021-04-26,0,17,4.390909090909091,3.0,1,12.0,19.0,0
379268978,23,3123,3289,Indego30,2021-04-26,0,17,27.56749311294766,1149.0,2,14.0,22.0,0
379481350,5,3115,3289,Indego365,2021-04-27,1,13,4.390909090909091,2597.0,13,13.0,15.0,0
379955537,9,3078,3289,Indego30,2021-04-29,3,8,5.801980198019802,650.0,25,19.0,6.0,0
380066708,5,3116,3289,Indego30,2021-04-29,3,19,20.33149931224209,2564.0,26,26.0,20.0,0
380537598,35,3107,3289,Day Pass,2021-05-01,5,14,14.702777777777778,3127.0,32,11.0,30.0,0
381130617,33,3212,3289,Indego30,2021-05-03,0,19,4.70216306156406,940.0,6,21.0,9.0,0
381322159,17,3052,3289,Indego30,2021-05-04,1,11,32.63726884779516,608.0,33,14.0,11.0,1
381486769,3,3167,3289,Indego365,2021-05-04,1,21,32.96291208791209,10.0,0,27.0,19.0,0
381486743,7,3168,3289,Indego365,2021-05-04,1,21,35.599112426035504,1180.0,36,27.0,19.0,0
381661643,12,3212,3289,Indego365,2021-05-05,2,17,33.78326474622771,1405.0,44,19.0,6.0,0
381920957,12,3010,3289,Indego30,2021-05-06,3,17,32.63726884779516,269.0,25,16.0,13.0,0
382018843,4,3007,3289,Indego365,2021-05-06,3,21,40.65294924554184,696.0,16,18.0,15.0,0
382115238,6,3125,3289,Indego30,2021-05-07,4,9,34.939643347050755,56.0,0,10.0,9.0,0
382125140,11,3015,3289,Indego30,2021-05-07,4,10,20.220547945205478,1588.0,26,11.0,13.0,0
382424861,17,3213,3289,Indego30,2021-05-08,5,13,11.218793828892005,1589.0,19,11.0,19.0,0
382722465,25,3006,3289,Indego30,2021-05-09,6,16,11.59375,19.0,4,13.0,19.0,0
382723234,3,3159,3289,Indego30,2021-05-09,6,16,19.300824175824175,87.0,0,13.0,20.0,0
382741004,44,3123,3289,Indego30,2021-05-09,6,18,14.530303030303031,1427.0,3,12.0,20.0,1
382976650,10,3075,3289,Indego30,2021-05-10,0,18,4.390909090909091,1084.0,22,16.0,17.0,0
383172281,25,3022,3289,Indego30,2021-05-11,1,13,15.110958904109589,1.0,1,14.0,6.0,0
383173060,19,3159,3289,Indego30,2021-05-11,1,13,26.441700960219478,243.0,9,14.0,6.0,0
383219796,48,3153,3289,Indego30,2021-05-11,1,18,14.530303030303031,1444.0,7,18.0,28.0,0
383489709,51,3050,3289,Indego30,2021-05-12,2,19,5.308139534883721,2809.0,63,19.0,26.0,0
384077267,34,3050,3289,Indego30,2021-05-14,4,18,17.001381215469614,182.0,7,23.0,0.0,0
384167839,12,3028,3289,Indego365,2021-05-14,4,21,17.001381215469614,754.0,20,23.0,9.0,0
384321194,126,3047,3289,Day Pass,2021-05-15,5,12,28.8161865569273,39.0,9,11.0,0.0,0
384333929,28,3018,3289,Indego30,2021-05-15,5,13,17.755555555555556,1281.0,42,17.0,7.0,0
384644100,35,3110,3289,Indego365,2021-05-16,6,11,21.213498622589533,133.0,1,12.0,0.0,0
384672434,5,3166,3289,Indego30,2021-05-16,6,14,8.501440922190202,256.0,3,18.0,9.0,0
384741284,28,3150,3289,Indego365,2021-05-16,6,18,8.723796033994335,81.0,1,21.0,11.0,0
384836187,21,3010,3289,Indego30,2021-05-16,6,20,8.521497919556172,982.0,25,22.0,7.0,0
384998035,4,3167,3289,Indego30,2021-05-17,0,12,40.65294924554184,82.0,5,18.0,0.0,0
385023442,8,3190,3289,Indego365,2021-05-17,0,14,35.599112426035504,68.0,7,20.0,0.0,0
385038104,27,3160,3289,Indego30,2021-05-17,0,15,37.46840659340659,42.0,1,22.0,6.0,0
385062760,38,3006,3289,Indego30,2021-05-17,0,17,18.08082191780822,19.0,3,23.0,0.0,0
385064047,8,3029,3289,Indego365,2021-05-17,0,17,19.300824175824175,14.0,0,23.0,7.0,0
385076249,9,3022,3289,Indego365,2021-05-17,0,18,21.46206896551724,5.0,2,23.0,7.0,0
385077790,20,3055,3289,Indego365,2021-05-17,0,18,26.441700960219478,1275.0,23,23.0,7.0,0
385382079,52,3069,3289,Indego365,2021-05-18,1,16,17.951856946354884,1639.0,49,24.0,19.0,0
385826318,17,3163,3289,Indego30,2021-05-19,2,20,13.835408022130014,1135.0,23,31.0,0.0,0
386012340,10,3190,3289,Indego30,2021-05-20,3,15,21.129172714078376,138.0,10,24.0,11.0,0
386039356,16,3046,3289,Indego30,2021-05-20,3,17,37.46840659340659,1103.0,56,27.0,7.0,0
386311357,48,3057,3289,Indego30,2021-05-21,4,13,27.84413793103448,146.0,32,17.0,0.0,0
386339543,26,3201,3289,Indego30,2021-05-21,4,15,28.44705882352941,112.0,4,24.0,13.0,0
386366141,9,3075,3289,Indego30,2021-05-21,4,17,15.625172890733056,992.0,14,26.0,15.0,0
386604835,6,3154,3289,Indego30,2021-05-22,5,10,15.110958904109589,87.0,4,19.0,7.0,0
386629735,7,3167,3289,Indego30,2021-05-22,5,12,24.973865199449794,1219.0,44,21.0,11.0,0
386908136,11,3098,3289,Indego30,2021-05-23,6,8,35.599112426035504,169.0,6,24.0,9.0,0
386945238,7,3213,3289,Indego30,2021-05-23,6,11,13.145833333333334,73.0,2,26.0,17.0,0
386986620,92,3045,3289,Day Pass,2021-05-23,6,14,11.59375,457.0,25,27.0,13.0,0
387151360,29,3006,3289,Indego365,2021-05-23,6,22,32.76164383561644,10.0,2,33.0,22.0,0
387151312,25,3119,3289,Indego365,2021-05-23,6,23,19.300824175824175,1185.0,3,33.0,22.0,0
387369853,14,3029,3289,Indego365,2021-05-24,0,19,3.624815361890694,14.0,0,18.0,15.0,0
387379838,8,3032,3289,Indego30,2021-05-24,0,19,21.46206896551724,30.0,4,18.0,15.0,0
387472373,10,3054,3289,Indego30,2021-05-24,0,20,36.32967032967033,761.0,4,18.0,17.0,0
387567836,6,3205,3289,Indego365,2021-05-25,1,8,32.99724896836314,623.0,8,15.0,7.0,0
387698377,9,3114,3289,Indego30,2021-05-25,1,19,12.595833333333333,720.0,13,23.0,13.0,0
387871646,14,3159,3289,Indego30,2021-05-26,2,7,18.990358126721762,653.0,4,18.0,9.0,0
387998842,9,3024,3289,Indego30,2021-05-26,2,18,14.530303030303031,1035.0,10,32.0,22.0,0
388226140,4,3074,3289,Indego30,2021-05-27,3,11,8.842553191489362,343.0,8,22.0,17.0,0
388296248,10,3022,3289,Indego365,2021-05-27,3,17,13.075653370013756,128.0,17,27.0,19.0,0
388413954,7,3165,3289,Indego30,2021-05-27,3,20,26.441700960219478,7949.0,84,28.0,22.0,0
389730644,8,3170,3289,Indego30,2021-06-02,2,8,12.31437125748503,93.0,2,16.0,6.0,0
389750561,13,3009,3289,Indego30,2021-06-02,2,10,11.792767732962448,65.0,1,16.0,7.0,0
389761887,17,3004,3289,Indego30,2021-06-02,2,11,21.68377253814147,3479.0,45,17.0,7.0,0
390558140,4,3056,3289,Indego30,2021-06-04,4,21,8.124469589816124,1007.0,7,22.0,9.0,0
390719985,73,3206,3289,Indego30,2021-06-05,5,15,11.706206896551723,2508.0,27,28.0,17.0,0
391255878,26,3047,3289,Day Pass,2021-06-07,0,10,22.152592592592594,399.0,7,23.0,6.0,0
391292542,8,3028,3289,Indego30,2021-06-07,0,16,17.755555555555556,79.0,10,33.0,22.0,0
391315058,14,3154,3289,Indego30,2021-06-07,0,18,28.8161865569273,128.0,7,34.0,20.0,0
391418194,17,3028,3289,Indego30,2021-06-07,0,20,24.973865199449794,1562.0,43,33.0,19.0,0
391731284,12,3045,3289,Indego30,2021-06-08,1,23,28.8161865569273,196.0,6,23.0,9.0,1
391757637,60,3045,3289,Indego30,2021-06-09,2,3,32.76164383561644,308.0,7,23.0,11.0,0
391816239,45,3045,3289,Indego30,2021-06-09,2,9,32.76164383561644,289.0,13,22.0,0.0,0
391869167,49,3187,3289,Indego30,2021-06-09,2,14,32.76164383561644,2871.0,25,27.0,0.0,0
392468244,17,3050,3289,Day Pass,2021-06-11,4,15,9.514603616133519,168.0,8,19.0,20.0,1
392500268,54,3052,3289,Indego30,2021-06-11,4,18,17.001381215469614,1188.0,32,19.0,20.0,1
392765327,31,3057,3289,Day Pass,2021-06-12,5,15,32.96291208791209,2.0,1,23.0,17.0,0
392767310,28,3004,3289,Indego30,2021-06-12,5,15,28.44705882352941,57.0,17,23.0,17.0,0
392779151,10,3004,3289,Day Pass,2021-06-12,5,16,11.382978723404255,1275.0,32,25.0,11.0,0
393067701,26,3047,3289,Day Pass,2021-06-13,6,14,11.382978723404255,1.0,1,22.0,7.0,0
393068871,19,3010,3289,Day Pass,2021-06-13,6,14,17.755555555555556,1.0,1,22.0,7.0,0
393080195,30,3167,3289,Day Pass,2021-06-13,6,15,40.65294924554184,4.0,2,23.0,9.0,0
393080740,9,3167,3289,Day Pass,2021-06-13,6,15,35.599112426035504,1.0,3,23.0,9.0,0
393081561,21,3060,3289,Day Pass,2021-06-13,6,15,35.599112426035504,1.0,0,23.0,9.0,0
393092807,39,3060,3289,Day Pass,2021-06-13,6,16,8.786816269284712,0.0,0,24.0,15.0,0
393093550,20,3058,3289,Day Pass,2021-06-13,6,16,8.786816269284712,972.0,17,24.0,9.0,0
393323841,10,3037,3289,Indego30,2021-06-14,0,9,19.78266850068776,499.0,23,20.0,6.0,0
393408826,12,3115,3289,Indego30,2021-06-14,0,17,20.58896551724138,947.0,4,27.0,15.0,0
393637314,11,3021,3289,Day Pass,2021-06-15,1,9,5.801980198019802,1950.0,52,19.0,11.0,0
394070345,15,3102,3289,Indego30,2021-06-16,2,18,22.247579529737205,1040.0,28,25.0,15.0,0
394321637,19,3074,3289,Day Pass,2021-06-17,3,12,27.56749311294766,33.0,0,18.0,9.0,0
394324805,7,3160,3289,Indego365,2021-06-17,3,12,13.075653370013756,62.0,1,20.0,15.0,0
394337804,5,3159,3289,Indego30,2021-06-17,3,13,18.08082191780822,81.0,1,21.0,13.0,0
394361504,7,3209,3289,Indego30,2021-06-17,3,15,14.530303030303031,2600.0,24,22.0,15.0,0
394979804,8,3029,3289,Indego30,2021-06-19,5,10,8.716480446927374,135.0,5,22.0,7.0,0
395018664,30,3059,3289,Indego30,2021-06-19,5,13,21.46206896551724,35.0,1,24.0,24.0,0
395031318,11,3169,3289,Indego30,2021-06-19,5,14,16.649655172413794,1363.0,18,26.0,20.0,0
395348145,22,3203,3289,Day Pass,2021-06-20,6,13,14.510344827586207,1926.0,40,24.0,11.0,0
395821915,21,3203,3289,Indego365,2021-06-21,0,21,20.875,531.0,2,31.0,22.0,0
395889217,16,3208,3289,Indego30,2021-06-22,1,6,20.875,621.0,41,22.0,9.0,0
395995221,15,3047,3289,Indego30,2021-06-22,1,17,25.94650205761317,114.0,1,19.0,22.0,1
396015663,8,3101,3289,Indego30,2021-06-22,1,19,17.755555555555556,4.0,1,19.0,20.0,1
396015635,4,3028,3289,Indego30,2021-06-22,1,19,29.56652949245542,940.0,23,19.0,15.0,1
396223720,15,3010,3289,Indego30,2021-06-23,2,11,28.8161865569273,2.0,0,14.0,13.0,0
396224115,7,3101,3289,Indego30,2021-06-23,2,11,40.65294924554184,109.0,7,16.0,15.0,0
396255868,37,3057,3289,Indego30,2021-06-23,2,14,29.56652949245542,87.0,3,20.0,15.0,0
396268634,18,3032,3289,Indego30,2021-06-23,2,15,28.44705882352941,26.0,4,22.0,9.0,0
396278714,11,3007,3289,Indego30,2021-06-23,2,16,36.32967032967033,49.0,4,22.0,9.0,0
396290740,14,3197,3289,Indego30,2021-06-23,2,17,34.939643347050755,9493.0,90,22.0,12.0,0
398462126,15,3206,3289,Indego30,2021-06-30,2,8,8.686629526462395,182.0,7,25.0,9.0,0
398496418,20,3197,3289,Indego30,2021-06-30,2,11,22.152592592592594,21767.0,165,26.0,11.0,0
402803307,14,3086,3289,Indego30,2021-07-15,3,14,8.686629526462395,147.0,8,28.0,7.0,0
402832300,27,3057,3289,Indego30,2021-07-15,3,17,10.585635359116022,1256.0,47,31.0,9.0,0
403067482,17,3155,3289,Indego365,2021-07-16,4,14,15.625172890733056,138.0,9,30.0,11.0,0
403088204,4,3026,3289,Indego365,2021-07-16,4,16,15.414701803051317,86.0,6,32.0,15.0,0
403109003,5,3155,3289,Indego365,2021-07-16,4,18,19.77158273381295,1016.0,15,33.0,17.0,0
403344279,11,3155,3289,Indego365,2021-07-17,5,11,15.414701803051317,293.0,7,26.0,6.0,0
403407146,37,3030,3289,Indego365,2021-07-17,5,17,15.414701803051317,1095.0,8,34.0,24.0,0
403644978,9,3098,3289,Indego30,2021-07-18,6,11,18.99312242090784,7877.0,105,24.0,13.0,0
405380512,10,3045,3289,Indego30,2021-07-23,4,22,13.145833333333334,180.0,12,28.0,6.0,0
405403355,10,3098,3289,Indego30,2021-07-24,5,2,32.76164383561644,701.0,8,26.0,11.0,0
405539707,18,3150,3289,Indego30,2021-07-24,5,14,13.145833333333334,14.0,1,26.0,0.0,0
405539537,15,3114,3289,Day Pass,2021-07-24,5,14,8.521497919556172,79.0,6,26.0,0.0,0
405574612,78,3212,3289,Day Pass,2021-07-24,5,17,18.990358126721762,7383.0,282,27.0,6.0,0
407224161,23,3240,3289,Indego365,2021-07-29,3,20,23.09961685823755,28054.0,31,26.0,19.0,0
413528626,17,3108,3289,Indego365,2021-08-18,2,8,1.9830028328611897,554.0,27,24.0,9.0,0
413648429,14,3248,3289,Indego30,2021-08-18,2,17,23.09961685823755,988.0,17,31.0,22.0,0
413926614,57,3100,3289,Indego30,2021-08-19,3,11,10.736328125,8728.0,149,26.0,22.0,0
415954019,13,3033,3289,Indego30,2021-08-25,2,12,18.486225895316803,356.0,18,28.0,0.0,0
416030155,9,3059,3289,Indego30,2021-08-25,2,19,20.27510316368638,49.0,7,33.0,10.0,0
416137063,9,3057,3289,Indego30,2021-08-25,2,20,16.649655172413794,8028.0,78,33.0,9.0,0
417787709,7,3101,3289,Indego30,2021-08-31,1,9,40.65294924554184,672.0,53,24.0,7.0,0
417994864,21,3210,3289,Indego30,2021-08-31,1,21,29.56652949245542,2419.0,20,29.0,11.0,0
418443709,9,3245,3289,Day Pass,2021-09-02,3,13,8.800829875518673,1435.0,35,21.0,26.0,0
418759829,20,3167,3289,Indego30,2021-09-03,4,14,12.035580524344569,240.0,22,20.0,20.0,0
418800456,11,3034,3289,Indego30,2021-09-03,4,18,35.599112426035504,2486.0,42,23.0,9.0,0
419385817,10,3045,3289,Indego30,2021-09-05,6,12,18.048342541436465,23.0,4,20.0,6.0,0
419398219,20,3046,3289,Day Pass,2021-09-05,6,12,32.76164383561644,301.0,30,20.0,6.0,0
419460718,11,3047,3289,Day Pass,2021-09-05,6,17,27.84413793103448,100.0,6,24.0,11.0,0
419485025,11,3028,3289,Day Pass,2021-09-05,6,19,17.755555555555556,876.0,15,24.0,13.0,0
419718672,8,3047,3289,Indego365,2021-09-06,0,10,28.8161865569273,540.0,44,22.0,13.0,1
419928000,55,3005,3289,Indego30,2021-09-06,0,20,17.755555555555556,3.0,6,29.0,31.0,0
419927776,44,3046,3289,Indego30,2021-09-06,0,21,9.37126600284495,711.0,22,29.0,26.0,0
420040535,31,3123,3289,Indego30,2021-09-07,1,9,27.84413793103448,117.0,1,18.0,7.0,0
420063647,17,3106,3289,Indego30,2021-09-07,1,11,4.390909090909091,62.0,2,20.0,0.0,0
420086727,57,3046,3289,Indego30,2021-09-07,1,13,3.543918918918919,1172.0,40,22.0,0.0,0
420369292,3,3015,3289,Indego30,2021-09-08,2,9,27.84413793103448,502.0,10,19.0,6.0,0
420457740,15,3114,3289,Indego30,2021-09-08,2,17,32.96291208791209,790.0,21,30.0,22.0,0
420680445,16,3167,3289,Indego30,2021-09-09,3,7,18.990358126721762,7.0,0,21.0,0.0,0
420680427,2,3007,3289,Indego365,2021-09-09,3,7,35.599112426035504,715.0,44,20.0,0.0,0
420815688,8,3168,3289,Indego365,2021-09-09,3,19,34.939643347050755,11.0,2,22.0,13.0,0
420815608,8,3207,3289,Indego30,2021-09-09,3,19,33.78326474622771,20.0,4,22.0,13.0,0
420922911,24,3204,3289,Indego30,2021-09-09,3,20,21.638239339752406,725.0,12,22.0,13.0,0
421022630,4,3054,3289,Indego365,2021-09-10,4,8,12.662968099861304,195.0,15,17.0,9.0,0
421067177,21,3018,3289,Day Pass,2021-09-10,4,12,32.99724896836314,161.0,12,18.0,17.0,0
421100681,10,3047,3289,Indego30,2021-09-10,4,15,21.213498622589533,214.0,14,21.0,26.0,0
421145578,46,3169,3289,Day Pass,2021-09-10,4,19,17.755555555555556,11058.0,188,24.0,33.0,0
423720241,24,3155,3289,Indego30,2021-09-18,5,12,11.214285714285714,224.0,21,22.0,11.0,0
423765238,13,3201,3289,Indego365,2021-09-18,5,16,15.414701803051317,13.0,2,28.0,19.0,0
423765088,12,3049,3289,Day Pass,2021-09-18,5,16,15.625172890733056,818.0,41,28.0,22.0,0
423991636,28,3049,3289,Day Pass,2021-09-19,6,6,15.143059490084985,2058.0,50,23.0,11.0,0
424464902,27,3004,3289,Day Pass,2021-09-20,0,17,15.143059490084985,12267.0,133,24.0,11.0,0
427630674,3,3167,3289,Indego30,2021-09-29,2,6,11.382978723404255,654.0,30,16.0,15.0,0
427782386,9,3046,3289,Indego30,2021-09-29,2,17,35.599112426035504,1440.0,53,19.0,17.0,0
428189230,13,3088,3289,Indego30,2021-09-30,3,17,27.84413793103448,8.0,1,21.0,24.0,0
428190708,15,3204,3289,Indego30,2021-09-30,3,17,11.888429752066116,941.0,12,19.0,20.0,0
428474775,1,3040,3289,Indego365,2021-10-01,4,9,12.662968099861304,351.0,11,11.0,17.0,0
428562876,6,3051,3289,Indego365,2021-10-01,4,15,18.36813186813187,267.0,11,17.0,7.0,0
428694944,19,3190,3289,Indego30,2021-10-01,4,20,15.570054945054945,6.0,3,20.0,7.0,0
428694829,16,3190,3289,Indego30,2021-10-01,4,20,37.46840659340659,16.0,3,20.0,7.0,0
428694730,15,3190,3289,Indego30,2021-10-01,4,20,37.46840659340659,86.0,9,20.0,13.0,0
428707527,16,3100,3289,Indego30,2021-10-01,4,22,37.46840659340659,846.0,17,20.0,11.0,0
428879180,8,3150,3289,Indego30,2021-10-02,5,12,18.486225895316803,277.0,7,15.0,13.0,0
428960925,23,3192,3289,Indego30,2021-10-02,5,17,8.521497919556172,240.0,9,24.0,24.0,0
429125296,29,3248,3289,Indego30,2021-10-02,5,22,9.416403785488958,1060.0,13,24.0,13.0,0
429356080,7,3032,3289,Indego30,2021-10-03,6,16,20.220547945205478,954.0,24,22.0,7.0,0
429641289,12,3029,3289,Indego30,2021-10-04,0,8,36.32967032967033,278.0,27,22.0,6.0,0
429700576,2,3207,3289,Indego365,2021-10-04,0,12,21.46206896551724,33.0,2,22.0,15.0,0
429714181,9,3207,3289,Indego30,2021-10-04,0,13,21.638239339752406,255.0,27,23.0,19.0,0
429787050,20,3054,3289,Indego30,2021-10-04,0,18,21.638239339752406,68.0,9,27.0,17.0,0
429802369,21,3150,3289,Indego30,2021-10-04,0,19,32.99724896836314,2314.0,24,27.0,15.0,0
430448806,11,3125,3289,Indego30,2021-10-06,2,10,8.521497919556172,32.0,0,18.0,7.0,0
430460085,4,3045,3289,Indego30,2021-10-06,2,11,20.220547945205478,43.0,3,18.0,7.0,0
430463575,2,3007,3289,Indego30,2021-10-06,2,11,32.76164383561644,247.0,26,18.0,0.0,0
430526483,7,3028,3289,Indego30,2021-10-06,2,16,34.939643347050755,41.0,1,22.0,13.0,0
430544655,25,3024,3289,Indego30,2021-10-06,2,17,28.8161865569273,707.0,3,22.0,13.0,0
430770179,23,3202,3289,Indego30,2021-10-07,3,5,8.842553191489362,280.0,12,19.0,0.0,0
430839621,16,3202,3289,Indego30,2021-10-07,3,10,40.20493066255778,1069.0,59,19.0,0.0,0
431149074,8,3101,3289,Indego30,2021-10-08,4,4,40.20493066255778,77.0,0,18.0,7.0,0
431162377,9,3206,3289,Indego30,2021-10-08,4,5,29.56652949245542,1073.0,40,17.0,6.0,0
431497808,6,3187,3289,Indego30,2021-10-08,4,23,22.152592592592594,518.0,2,21.0,9.0,0
431603174,5,3108,3289,Indego30,2021-10-09,5,8,9.514603616133519,94.0,1,18.0,9.0,1
431629909,23,3057,3289,Day Pass,2021-10-09,5,10,23.09961685823755,33.0,5,18.0,20.0,0
431640387,12,3207,3289,Indego30,2021-10-09,5,11,28.44705882352941,68.0,5,17.0,13.0,0
431660294,50,3102,3289,Indego30,2021-10-09,5,12,21.638239339752406,48.0,7,17.0,20.0,0
431675081,4,3116,3289,Indego30,2021-10-09,5,13,27.56749311294766,83.0,6,18.0,17.0,0
431706200,34,3120,3289,Day Pass,2021-10-09,5,15,14.702777777777778,1385.0,6,19.0,17.0,0
432095108,16,3021,3289,Indego365,2021-10-10,6,15,10.232167832167832,3017.0,81,19.0,20.0,0
432854635,15,3154,3289,Indego30,2021-10-12,1,17,22.247579529737205,846.0,22,21.0,15.0,0
433089988,4,3185,3289,Indego30,2021-10-13,2,7,24.973865199449794,603.0,31,18.0,0.0,0
433225780,4,3154,3289,Indego365,2021-10-13,2,17,26.81344307270233,1272.0,42,22.0,7.0,0
433592975,5,3016,3289,Indego365,2021-10-14,3,15,24.973865199449794,6992.0,44,22.0,11.0,0
435477390,13,3059,3289,Indego30,2021-10-19,1,12,3.7182235834609494,1640.0,52,9.0,17.0,0
435886998,15,3041,3289,Indego30,2021-10-20,2,15,16.649655172413794,5.0,0,21.0,17.0,0
435887581,8,3226,3289,Indego30,2021-10-20,2,15,11.214285714285714,1590.0,3,22.0,17.0,0
436315190,8,3008,3289,Indego30,2021-10-21,3,18,2.9259927797833933,22.0,0,24.0,19.0,0
436316474,2,3031,3289,Indego30,2021-10-21,3,18,6.374821173104435,3.0,0,24.0,13.0,0
436317076,2,3008,3289,Indego30,2021-10-21,3,18,10.645114942528735,36.0,0,24.0,13.0,0
436328742,11,3097,3289,Indego30,2021-10-21,3,19,6.374821173104435,740.0,6,24.0,13.0,0
436562781,5,3166,3289,Indego365,2021-10-22,4,8,7.497860199714693,482.0,13,18.0,15.0,0
436677574,29,3190,3289,Day Pass,2021-10-22,4,16,8.723796033994335,44.0,6,19.0,11.0,0
436692825,15,3164,3289,Indego30,2021-10-22,4,17,37.46840659340659,6784.0,65,18.0,13.0,0
438331076,8,3155,3289,Indego30,2021-10-27,2,10,12.678620689655173,283.0,2,14.0,24.0,0
438389383,10,3164,3289,Indego30,2021-10-27,2,15,15.414701803051317,44.0,1,18.0,24.0,0
438401322,18,3033,3289,Indego30,2021-10-27,2,16,12.678620689655173,157.0,18,18.0,22.0,0
438439272,4,3015,3289,Indego30,2021-10-27,2,19,20.27510316368638,1210.0,19,19.0,20.0,0
438746975,36,3026,3289,Indego30,2021-10-28,3,16,11.218793828892005,2883.0,37,16.0,7.0,0
439441409,17,3018,3289,Day Pass,2021-10-30,5,16,26.81344307270233,102.0,6,18.0,20.0,0
439463496,21,3245,3289,Indego30,2021-10-30,5,18,21.213498622589533,250.0,8,19.0,17.0,0
439592659,18,3070,3289,Indego30,2021-10-30,5,23,12.035580524344569,917.0,9,16.0,0.0,0
439721985,14,3108,3289,Indego365,2021-10-31,6,14,6.4805755395683455,105.0,8,13.0,13.0,0
439741485,15,3102,3289,Indego30,2021-10-31,6,16,23.09961685823755,891.0,9,14.0,17.0,1
439938303,21,3055,3289,Indego365,2021-11-01,0,7,27.56749311294766,84.0,5,11.0,15.0,0
439955179,4,3030,3289,Indego30,2021-11-01,0,9,17.951856946354884,210.0,4,11.0,17.0,0
439991214,20,3030,3289,Indego30,2021-11-01,0,13,18.99312242090784,204.0,7,13.0,20.0,0
440019689,9,3100,3289,Indego365,2021-11-01,0,16,18.99312242090784,944.0,31,14.0,22.0,0
440237111,17,3045,3289,Indego365,2021-11-02,1,8,18.486225895316803,198.0,9,9.0,0.0,0
440278392,19,3100,3289,Indego365,2021-11-02,1,12,32.76164383561644,6368.0,112,9.0,7.0,0
441742477,11,3013,3289,Indego30,2021-11-06,5,22,27.84413793103448,2005.0,22,10.0,7.0,0
442138977,4,3019,3289,Indego30,2021-11-08,0,8,11.768267223382045,1921.0,7,6.0,0.0,0
442538579,6,3013,3289,Indego30,2021-11-09,1,16,6.5141242937853105,947.0,15,18.0,13.0,0
442769177,5,3019,3289,Indego30,2021-11-10,2,8,11.768267223382045,484.0,8,10.0,6.0,0
442869381,5,3013,3289,Indego30,2021-11-10,2,16,6.5141242937853105,934.0,15,18.0,20.0,0
443009366,7,3047,3289,Indego30,2021-11-11,3,7,11.768267223382045,50.0,2,7.0,0.0,0
443008997,9,3192,3289,Indego365,2021-11-11,3,8,17.755555555555556,385.0,7,6.0,7.0,0
443199375,9,3047,3289,Indego30,2021-11-11,3,15,9.416403785488958,112.0,3,13.0,9.0,0
443227091,31,3125,3289,Indego30,2021-11-11,3,17,17.755555555555556,2784.0,39,18.0,15.0,0
443825084,6,3203,3289,Indego365,2021-11-13,5,16,20.220547945205478,41.0,2,17.0,24.0,0
443835275,5,3125,3289,Indego365,2021-11-13,5,17,20.875,375.0,14,17.0,22.0,0
443960710,8,3069,3289,Indego30,2021-11-13,5,23,20.220547945205478,6684.0,67,7.0,28.0,0
444991790,4,3101,3289,Indego30,2021-11-18,3,14,20.220547945205478,275.0,27,16.0,20.0,0
445117587,11,3256,3289,Indego365,2021-11-18,3,19,29.56652949245542,3635.0,37,22.0,26.0,0
445706170,15,3120,3289,Indego30,2021-11-21,6,8,20.603004291845494,97.0,27,5.0,0.0,0
445732262,58,3106,3289,Indego30,2021-11-21,6,11,10.232167832167832,37857.0,39,4.0,0.0,0
451144805,14,3015,3289,Indego30,2021-12-17,4,18,8.501440922190202,3996.0,17,16.0,19.0,0
451606285,17,3161,3289,Indego365,2021-12-20,0,13,11.218793828892005,2846.0,31,-3.0,7.0,0
451954985,13,3182,3289,Indego30,2021-12-22,2,12,32.76164383561644,3033.0,50,4.0,11.0,0
452325794,20,3049,3289,Day Pass,2021-12-24,4,15,17.982093663911847,250.0,4,6.0,6.0,0
452403896,22,3255,3289,Day Pass,2021-12-24,4,20,15.143059490084985,2756.0,14,11.0,0.0,0
452637226,15,3161,3289,Day Pass,2021-12-26,6,18,19.137860082304528,1331.0,15,13.0,20.0,0
452763874,4,3168,3289,Indego365,2021-12-27,0,16,16.9625,17124.0,213,4.0,0.0,0
454559576,11,3037,3289,Indego30,2022-01-08,5,14,27.84413793103448,117.0,8,-4.0,19.0,0
454569374,11,3052,3289,Indego365,2022-01-08,5,16,20.58896551724138,157.0,4,-3.0,15.0,0
454626463,12,3255,3289,Indego365,2022-01-08,5,19,32.96291208791209,340.0,3,0.0,7.0,0
454632974,6,3007,3289,Indego30,2022-01-09,6,0,19.137860082304528,601.0,5,-1.0,13.0,0
454680974,5,3185,3289,Indego365,2022-01-09,6,11,34.939643347050755,503.0,5,2.0,19.0,0
454755708,28,3015,3289,Indego30,2022-01-09,6,19,26.81344307270233,5436.0,11,6.0,26.0,1
455230790,6,3028,3289,Indego30,2022-01-13,3,14,11.218793828892005,13095.0,129,3.0,0.0,0
456572090,10,3110,3289,Indego30,2022-01-22,5,17,3.7182235834609494,5153.0,17,-3.0,6.0,0
457068183,11,3015,3289,Indego30,2022-01-26,2,7,8.501440922190202,7812.0,22,-2.0,22.0,0
457781826,42,3063,3289,Indego30,2022-01-31,0,17,23.371742112482853,3700.0,29,-1.0,11.0,0
458078882,3,3007,3289,Indego365,2022-02-03,3,7,23.371742112482853,15.0,0,4.0,6.0,0
458083283,7,3201,3289,Indego365,2022-02-03,3,8,34.939643347050755,4551.0,16,4.0,6.0,0
458495684,5,3156,3289,Indego365,2022-02-06,6,12,15.625172890733056,7156.0,54,-7.0,7.0,0
459219685,6,3022,3289,Indego365,2022-02-11,4,11,15.68732782369146,5.0,1,1.0,0.0,0
459219881,5,3156,3289,Indego365,2022-02-11,4,11,26.441700960219478,314.0,5,1.0,0.0,0
459258797,13,3064,3289,Indego365,2022-02-11,4,16,15.68732782369146,408.0,6,15.0,20.0,0
459326821,7,3043,3289,Indego30,2022-02-11,4,23,17.983493810178818,754.0,13,12.0,20.0,0
459413998,16,3033,3289,Indego30,2022-02-12,5,12,14.947802197802197,180.0,5,10.0,11.0,0
459439588,9,3015,3289,Day Pass,2022-02-12,5,15,20.27510316368638,6820.0,26,16.0,28.0,0
460203607,14,3202,3289,Indego30,2022-02-17,3,9,11.218793828892005,187.0,15,10.0,15.0,0
460227282,5,3045,3289,Indego30,2022-02-17,3,12,40.20493066255778,72.0,4,13.0,17.0,0
460241087,5,3007,3289,Indego365,2022-02-17,3,14,32.76164383561644,1685.0,42,15.0,19.0,0
460465534,12,3032,3289,Indego365,2022-02-18,4,18,34.939643347050755,908.0,17,8.0,28.0,0
460589086,8,3108,3289,Day Pass,2022-02-19,5,9,36.32967032967033,3361.0,44,-2.0,7.0,0
460965739,34,3037,3289,Indego30,2022-02-21,0,18,23.09961685823755,2679.0,21,12.0,7.0,0
461277041,31,3064,3289,Indego30,2022-02-23,2,15,17.983493810178818,1524.0,27,17.0,22.0,0
461486392,8,3190,3289,Indego30,2022-02-24,3,17,17.983493810178818,6640.0,123,2.0,13.0,0
462238682,7,3161,3289,Indego30,2022-03-01,1,7,37.46840659340659,755.0,23,-1.0,7.0,0
462361607,7,3032,3289,Indego30,2022-03-01,1,20,16.9625,2483.0,75,12.0,17.0,0
462671987,7,3064,3289,Indego365,2022-03-03,3,14,36.32967032967033,13252.0,149,8.0,20.0,0
464517968,10,3158,3289,Indego30,2022-03-12,5,19,17.983493810178818,2710.0,16,1.0,37.0,0
464797104,13,3099,3289,Indego30,2022-03-14,0,16,13.197786998616873,141.0,2,12.0,9.0,0
464813086,7,3238,3289,Indego30,2022-03-14,0,18,8.843793584379359,333.0,4,16.0,20.0,0
464880188,14,3068,3289,Indego30,2022-03-15,1,0,23.381944444444443,379.0,3,10.0,15.0,0
464911185,11,3052,3289,Indego30,2022-03-15,1,7,14.934156378600823,656.0,40,7.0,11.0,0
464991091,6,3037,3289,Indego30,2022-03-15,1,18,32.96291208791209,890.0,14,18.0,13.0,0
465131379,51,3021,3289,Indego30,2022-03-16,2,9,20.58896551724138,1.0,0,8.0,7.0,0
465139843,39,3108,3289,Indego30,2022-03-16,2,10,22.247579529737205,21.0,1,7.0,7.0,0
465147882,2,3255,3289,Indego30,2022-03-16,2,11,23.09961685823755,379.0,12,8.0,0.0,0
465207093,10,3050,3289,Indego30,2022-03-16,2,17,19.137860082304528,104.0,7,19.0,0.0,0
465228314,12,3201,3289,Indego30,2022-03-16,2,19,17.001381215469614,1243.0,15,22.0,15.0,0
465447589,8,3007,3289,Indego365,2022-03-17,3,16,15.625172890733056,1412.0,38,13.0,17.0,0
465683188,7,3190,3289,Indego365,2022-03-18,4,15,34.939643347050755,69.0,5,14.0,6.0,0
465702492,8,3114,3289,Indego30,2022-03-18,4,17,37.46840659340659,5523.0,78,18.0,6.0,0
466657486,7,3170,3289,Indego30,2022-03-22,1,13,18.990358126721762,1178.0,9,12.0,15.0,0
466869390,11,3007,3289,Indego30,2022-03-23,2,9,11.792767732962448,168.0,5,8.0,11.0,0
466899485,7,3190,3289,Indego30,2022-03-23,2,12,34.939643347050755,2830.0,43,7.0,22.0,0
467351793,11,3012,3289,Indego365,2022-03-25,4,11,37.46840659340659,27.0,2,8.0,9.0,0
467359187,8,3256,3289,Indego30,2022-03-25,4,12,25.94650205761317,1393.0,18,8.0,7.0,0
467578286,6,3160,3289,Indego30,2022-03-26,5,11,16.5,59.0,1,10.0,19.0,0
467585981,3,3011,3289,Indego30,2022-03-26,5,12,18.08082191780822,1480.0,11,10.0,24.0,0
467819590,7,3022,3289,Indego30,2022-03-27,6,13,8.963178294573643,1109.0,17,6.0,30.0,0
467988981,2,3061,3289,Indego365,2022-03-28,0,7,26.441700960219478,3730.0,66,-2.0,22.0,0
468533873,9,3212,3289,Indego30,2022-03-30,2,22,20.692094313453538,4067.0,73,10.0,15.0,0
469121592,9,3163,3289,Day Pass,2022-04-02,5,17,32.63726884779516,3975.0,38,11.0,15.0,0
469750787,7,3156,3289,Indego365,2022-04-05,1,12,21.129172714078376,373.0,6,9.0,9.0,0
469807490,6,3190,3289,Indego365,2022-04-05,1,18,15.68732782369146,236.0,8,14.0,9.0,0
469889523,2,3063,3289,Indego365,2022-04-05,1,22,37.46840659340659,1016.0,7,12.0,9.0,0
470006182,3,3010,3289,Indego365,2022-04-06,2,15,23.371742112482853,332.0,25,12.0,28.0,0
470110538,5,3125,3289,Indego365,2022-04-06,2,21,40.65294924554184,551.0,6,13.0,11.0,0
470167681,6,3167,3289,Indego30,2022-04-07,3,6,20.220547945205478,580.0,8,10.0,11.0,0
470251981,5,3052,3289,Indego365,2022-04-07,3,16,35.599112426035504,1478.0,65,10.0,22.0,1
470480817,16,3100,3289,Indego30,2022-04-08,4,17,32.96291208791209,1424.0,29,16.0,13.0,0
470707089,8,3026,3289,Indego30,2022-04-09,5,16,18.486225895316803,222.0,9,11.0,15.0,0
470794672,13,3261,3289,Indego365,2022-04-09,5,20,19.77158273381295,16.0,4,14.0,11.0,0
470794626,33,3170,3289,Indego365,2022-04-09,5,21,12.578005115089514,637.0,1,14.0,11.0,0
470858584,10,3007,3289,Indego30,2022-04-10,6,8,11.792767732962448,78.0,3,8.0,15.0,0
470866886,9,3234,3289,Indego30,2022-04-10,6,9,34.939643347050755,2112.0,23,8.0,26.0,0
471278338,9,3102,3289,Indego30,2022-04-11,0,21,11.747474747474747,668.0,3,16.0,22.0,0
471351812,19,3020,3289,Indego30,2022-04-12,1,8,27.56749311294766,513.0,25,9.0,0.0,0
471434646,20,3102,3289,Indego30,2022-04-12,1,17,22.583216783216784,86.0,9,21.0,19.0,0
471455146,26,3102,3289,Day Pass,2022-04-12,1,19,27.56749311294766,18.0,4,22.0,22.0,0
471526893,23,3026,3289,Indego30,2022-04-12,1,20,27.56749311294766,158.0,8,23.0,15.0,0
471534729,23,3102,3289,Indego30,2022-04-12,1,23,19.77158273381295,516.0,9,22.0,13.0,0
471598781,2,3236,3289,Indego365,2022-04-13,2,7,27.56749311294766,127.0,1,12.0,7.0,0
471620682,2,3054,3289,Indego365,2022-04-13,2,9,10.45438596491228,419.0,24,11.0,7.0,0
471708449,18,3021,3289,Indego30,2022-04-13,2,17,32.99724896836314,20.0,6,24.0,13.0,0
471710526,16,3098,3289,Indego30,2022-04-13,2,17,22.247579529737205,2497.0,37,26.0,17.0,0
472244527,16,3034,3289,Indego30,2022-04-15,4,11,13.145833333333334,1373.0,46,12.0,11.0,0
472547990,8,3185,3289,Day Pass,2022-04-16,5,10,18.048342541436465,1429.0,39,13.0,13.0,0
472850992,10,3066,3289,Indego365,2022-04-17,6,10,26.81344307270233,191.0,9,7.0,15.0,0
472891883,7,3020,3289,Indego30,2022-04-17,6,14,29.28395061728395,400.0,8,9.0,30.0,0
473023933,2,3162,3289,Indego30,2022-04-17,6,20,22.583216783216784,2117.0,10,11.0,31.0,0
473355587,7,3208,3289,Indego365,2022-04-19,1,8,11.904299583911234,592.0,37,4.0,35.0,0
473441913,16,3125,3289,Indego30,2022-04-19,1,18,34.06849315068493,1323.0,21,9.0,39.0,0
473654689,6,3064,3289,Indego365,2022-04-20,2,16,20.220547945205478,4135.0,60,12.0,15.0,0
474461190,6,3150,3289,Indego365,2022-04-23,5,13,17.983493810178818,1719.0,23,13.0,11.0,0
474816194,10,3188,3289,Day Pass,2022-04-24,6,18,8.521497919556172,3539.0,23,21.0,15.0,0
475479082,6,3181,3289,Indego30,2022-04-27,2,5,6.0667726550079495,2106.0,3,15.0,24.0,0
475868417,31,3203,3289,Indego30,2022-04-28,3,16,2.7627811860940694,1403.0,34,12.0,31.0,0
476144482,4,3125,3289,Indego365,2022-04-29,4,16,20.875,75.0,5,13.0,17.0,0
476156784,6,3190,3289,Day Pass,2022-04-29,4,17,20.220547945205478,72.0,9,16.0,30.0,0
476177544,17,3159,3289,Indego30,2022-04-29,4,19,37.46840659340659,1160.0,9,17.0,30.0,0
476412740,25,3057,3289,Day Pass,2022-04-30,5,15,14.530303030303031,31.0,9,15.0,17.0,0
476426459,45,3212,3289,Day Pass,2022-04-30,5,16,28.44705882352941,11.0,9,16.0,17.0,0
476428429,27,3212,3289,Day Pass,2022-04-30,5,16,32.63726884779516,25.0,8,18.0,13.0,0
476439398,16,3066,3289,Day Pass,2022-04-30,5,17,32.63726884779516,1092.0,17,18.0,13.0,0
476669820,11,3185,3289,Indego30,2022-05-01,6,11,29.28395061728395,1810.0,52,12.0,6.0,0
477031382,6,3033,3289,Day Pass,2022-05-02,0,18,26.81344307270233,187.0,3,22.0,7.0,0
477128915,4,3037,3289,Indego30,2022-05-02,0,21,20.27510316368638,1381.0,24,23.0,11.0,0
477445169,7,3169,3289,Indego30,2022-05-03,1,20,20.58896551724138,1399.0,16,22.0,17.0,0
477667786,6,3110,3289,Indego365,2022-05-04,2,19,14.510344827586207,9977.0,74,18.0,0.0,0
479519732,37,3051,3289,Indego30,2022-05-11,2,18,12.035580524344569,1076.0,12,21.0,26.0,0
479790630,52,3212,3289,Indego30,2022-05-12,3,13,15.570054945054945,18.0,3,17.0,15.0,0
479803456,28,3212,3289,Day Pass,2022-05-12,3,14,32.63726884779516,1.0,0,18.0,19.0,0
479811284,36,3033,3289,Day Pass,2022-05-12,3,15,32.63726884779516,231.0,17,19.0,20.0,0
479853861,24,3161,3289,Indego30,2022-05-12,3,19,20.27510316368638,5.0,1,24.0,17.0,0
479853762,8,3160,3289,Indego365,2022-05-12,3,19,16.9625,899.0,20,24.0,17.0,0
480079091,17,3046,3289,Indego365,2022-05-13,4,10,18.08082191780822,36.0,1,16.0,15.0,0
480091092,11,3101,3289,Indego30,2022-05-13,4,11,27.84413793103448,884.0,31,16.0,15.0,0
480300791,21,3041,3289,Indego30,2022-05-14,5,2,28.8161865569273,426.0,4,19.0,0.0,0
480387133,23,3004,3289,Indego30,2022-05-14,5,10,11.214285714285714,59.0,1,18.0,7.0,0
480397626,29,3041,3289,Indego30,2022-05-14,5,11,11.382978723404255,4632.0,61,18.0,11.0,0
481139791,6,3261,3289,Indego365,2022-05-17,1,16,11.214285714285714,40.0,8,26.0,30.0,0
481148972,4,3088,3289,Indego30,2022-05-17,1,17,12.578005115089514,36.0,7,27.0,37.0,0
481158456,5,3261,3289,Indego30,2022-05-17,1,18,11.888429752066116,1377.0,19,27.0,37.0,0
481435054,7,3166,3289,Indego30,2022-05-18,2,17,12.578005115089514,62.0,6,21.0,0.0,0
481445490,7,3261,3289,Indego30,2022-05-18,2,18,8.723796033994335,1537.0,23,22.0,20.0,0
481853333,18,3058,3289,Indego30,2022-05-19,3,20,12.578005115089514,115.0,8,25.0,17.0,0
481864412,18,3110,3289,Indego30,2022-05-19,3,22,19.78266850068776,543.0,1,25.0,6.0,0
481942898,13,3072,3289,Indego30,2022-05-20,4,7,8.501440922190202,1648.0,13,17.0,6.0,0
482283868,4,3026,3289,Indego30,2022-05-21,5,11,9.40677966101695,734.0,31,20.0,0.0,0
482468091,10,3100,3289,Indego30,2022-05-21,5,23,19.77158273381295,731.0,9,32.0,17.0,0
482584706,14,3098,3289,Indego30,2022-05-22,6,12,18.486225895316803,4391.0,58,26.0,19.0,0
483459815,14,3010,3289,Indego30,2022-05-25,2,13,13.145833333333334,63.0,11,18.0,13.0,0
483472488,10,3256,3289,Indego30,2022-05-25,2,14,40.65294924554184,397.0,20,19.0,19.0,0
483632015,4,3032,3289,Indego30,2022-05-25,2,21,20.603004291845494,669.0,18,23.0,17.0,0
483740698,7,3020,3289,Indego365,2022-05-26,3,8,36.32967032967033,437.0,15,13.0,0.0,0
483847586,6,3170,3289,Indego30,2022-05-26,3,16,22.583216783216784,971.0,3,22.0,11.0,0
484095390,12,3052,3289,Indego30,2022-05-27,4,8,11.792767732962448,517.0,21,19.0,20.0,0
484204896,15,3167,3289,Indego365,2022-05-27,4,17,32.96291208791209,3399.0,80,22.0,20.0,0
484983515,10,3075,3289,Indego30,2022-05-30,0,2,35.599112426035504,20799.0,249,24.0,11.0,0
489784489,41,3202,3289,Indego30,2022-06-13,0,13,14.934156378600823,82.0,9,24.0,9.0,1
489806342,13,3009,3289,Indego30,2022-06-13,0,15,40.20493066255778,130.0,6,26.0,9.0,0
489830136,11,3168,3289,Indego365,2022-06-13,0,17,21.68377253814147,38.0,3,29.0,15.0,0
489840532,31,3005,3289,Indego30,2022-06-13,0,18,33.78326474622771,957.0,5,31.0,17.0,0
489919441,227,3256,3289,Day Pass,2022-06-14,1,14,9.37126600284495,209.0,14,22.0,9.0,0
489954726,4,3014,3289,Indego365,2022-06-14,1,18,20.603004291845494,98.0,2,26.0,7.0,0
489977978,8,3154,3289,Indego365,2022-06-14,1,19,7.330914368650218,103.0,8,28.0,0.0,0
490047355,18,3012,3289,Indego365,2022-06-14,1,21,24.973865199449794,534.0,9,29.0,9.0,0
490119628,9,3208,3289,Indego30,2022-06-15,2,6,25.94650205761317,21.0,1,19.0,11.0,0
490130252,16,3078,3289,Indego365,2022-06-15,2,7,34.06849315068493,83.0,1,19.0,11.0,0
490143642,9,3052,3289,Indego365,2022-06-15,2,8,20.33149931224209,523.0,34,20.0,6.0,0
490261651,11,3206,3289,Indego365,2022-06-15,2,17,32.96291208791209,1199.0,21,30.0,0.0,0
490446748,16,3248,3289,Indego30,2022-06-16,3,14,22.152592592592594,6920.0,66,20.0,17.0,0
492071529,9,3010,3289,Indego365,2022-06-21,1,9,10.736328125,168.0,9,18.0,6.0,0
492109632,8,3064,3289,Indego30,2022-06-21,1,12,40.65294924554184,238.0,10,22.0,0.0,0
492160430,5,3025,3289,Indego30,2022-06-21,1,16,17.983493810178818,1476.0,30,26.0,15.0,0
492520665,15,3063,3289,Indego30,2022-06-22,2,17,19.381308411214953,377.0,21,23.0,20.0,0
492668626,11,3098,3289,Indego30,2022-06-22,2,23,23.371742112482853,1072.0,8,21.0,15.0,0
492865524,32,3034,3289,Indego30,2022-06-23,3,18,13.145833333333334,196.0,5,21.0,11.0,0
492863887,7,3043,3289,Indego30,2022-06-23,3,21,18.048342541436465,763.0,13,22.0,11.0,0
493123467,21,3212,3289,Indego30,2022-06-24,4,10,14.947802197802197,47.0,1,19.0,0.0,0
493147933,50,3113,3289,Indego30,2022-06-24,4,12,32.63726884779516,632.0,6,19.0,7.0,0
493285195,5,3120,3289,Indego30,2022-06-24,4,23,2.7455197132616487,807.0,10,28.0,19.0,0
493410024,7,3107,3289,Indego30,2022-06-25,5,12,10.232167832167832,44.0,2,24.0,13.0,0
493409582,47,3054,3289,Indego30,2022-06-25,5,14,4.70216306156406,25.0,4,24.0,13.0,0
493408996,37,3187,3289,Indego30,2022-06-25,5,15,32.99724896836314,43.0,0,28.0,17.0,0
493408053,22,3116,3289,Day Pass,2022-06-25,5,16,9.514603616133519,73.0,7,30.0,13.0,0
493407217,7,3060,3289,Indego30,2022-06-25,5,17,14.702777777777778,1069.0,9,31.0,15.0,0
493578546,5,3156,3289,Indego30,2022-06-26,6,11,8.786816269284712,3996.0,72,22.0,9.0,0
493941124,2,3161,3289,Indego365,2022-06-29,2,6,20.692094313453538,608.0,31,19.0,0.0,0
494066727,7,3054,3289,Indego365,2022-06-29,2,16,16.9625,31.0,2,28.0,15.0,0
494079462,17,3066,3289,Indego30,2022-06-29,2,17,32.99724896836314,3.0,0,29.0,13.0,0
494080024,4,3012,3289,Indego30,2022-06-29,2,17,29.28395061728395,147.0,11,29.0,13.0,0
494107451,17,3238,3289,Indego30,2022-06-29,2,19,25.94650205761317,195.0,9,31.0,17.0,0
494116952,14,3075,3289,Indego30,2022-06-29,2,23,23.381944444444443,3.0,0,29.0,24.0,0
494116937,7,3056,3289,Indego30,2022-06-29,2,23,15.110958904109589,924.0,12,28.0,19.0,0
494330505,71,3059,3289,Indego30,2022-06-30,3,16,11.706206896551723,1379.0,22,29.0,6.0,0
494350348,19,3275,3289,Indego30,2022-07-01,4,15,16.649655172413794,1396.0,9,31.0,20.0,0
494359018,34,3049,3289,Indego30,2022-07-02,5,15,6.248995983935743,1220.0,21,29.0,19.0,0
494585738,14,3124,3289,Indego365,2022-07-03,6,11,15.143059490084985,3.0,0,24.0,9.0,1
494596070,28,3124,3289,Indego365,2022-07-03,6,12,11.672540381791483,1465.0,38,24.0,9.0,1
494649834,17,3049,3289,Day Pass,2022-07-04,0,13,11.672540381791483,40650.0,867,26.0,13.0,0
503899886,21,3047,3289,Indego365,2022-08-01,0,18,19.381308411214953,1066.0,10,25.0,7.0,0
504161838,11,3028,3289,Indego365,2022-08-02,1,12,17.755555555555556,88.0,6,27.0,20.0,0
504185238,12,3164,3289,Indego365,2022-08-02,1,14,28.8161865569273,42.0,0,28.0,17.0,0
504197143,8,3025,3289,Indego365,2022-08-02,1,15,12.678620689655173,5.0,0,30.0,17.0,0
504197754,11,3030,3289,Indego365,2022-08-02,1,15,14.467032967032967,140.0,10,31.0,20.0,0
504234553,11,3063,3289,Indego30,2022-08-02,1,18,18.99312242090784,25.0,0,33.0,24.0,0
504236630,6,3244,3289,Indego30,2022-08-02,1,18,23.371742112482853,58.0,2,33.0,22.0,0
504247659,6,3007,3289,Indego30,2022-08-02,1,19,24.591760299625467,759.0,28,34.0,24.0,0
504459713,27,3008,3289,Indego30,2022-08-03,2,8,34.939643347050755,527.0,3,24.0,7.0,0
504586089,24,3007,3289,Indego30,2022-08-03,2,18,6.374821173104435,66.0,5,32.0,15.0,0
504605788,8,3066,3289,Indego30,2022-08-03,2,19,34.939643347050755,789.0,21,33.0,19.0,0
504810743,11,3078,3289,Indego30,2022-08-04,3,8,22.152592592592594,491.0,25,24.0,6.0,0
504921562,14,3244,3289,Day Pass,2022-08-04,3,17,20.33149931224209,29.0,4,34.0,19.0,0
504930036,6,3025,3289,Indego30,2022-08-04,3,17,24.591760299625467,672.0,12,35.0,19.0,0
505131424,8,3033,3289,Indego30,2022-08-05,4,4,14.467032967032967,456.0,18,24.0,13.0,0
505240356,21,3202,3289,Indego30,2022-08-05,4,12,20.27510316368638,1132.0,36,26.0,17.0,0
505545124,6,3154,3289,Indego30,2022-08-06,5,7,40.20493066255778,146.0,5,24.0,6.0,0
505581627,6,3040,3289,Indego30,2022-08-06,5,10,24.973865199449794,43.0,2,24.0,9.0,0
505594224,2,3059,3289,Indego30,2022-08-06,5,11,18.36813186813187,8.0,0,24.0,15.0,0
505594624,3,3154,3289,Indego30,2022-08-06,5,11,16.649655172413794,92.0,3,24.0,15.0,0
505621506,34,3154,3289,Indego30,2022-08-06,5,13,24.973865199449794,145.0,8,27.0,15.0,0
505639232,5,3235,3289,Indego30,2022-08-06,5,15,24.973865199449794,2919.0,21,29.0,20.0,0
506232537,6,3037,3289,Indego30,2022-08-08,0,16,11.245315161839864,2.0,1,33.0,20.0,0
506233160,13,3051,3289,Indego365,2022-08-08,0,16,20.58896551724138,76.0,6,33.0,20.0,0
506256753,17,3156,3289,Indego30,2022-08-08,0,18,15.570054945054945,1484.0,32,34.0,26.0,0
506622247,72,3156,3289,Day Pass,2022-08-09,1,20,15.68732782369146,3730.0,84,36.0,26.0,0
507466239,15,3102,3289,Day Pass,2022-08-12,4,10,2.45372460496614,456.0,28,23.0,17.0,0
507578748,32,3190,3289,Indego30,2022-08-12,4,18,27.56749311294766,40.0,7,30.0,11.0,0
507590156,21,3102,3289,Indego30,2022-08-12,4,19,37.46840659340659,23.0,0,30.0,17.0,0
507699530,10,3182,3289,Indego365,2022-08-12,4,20,27.56749311294766,289.0,5,30.0,17.0,0
507722647,9,3102,3289,Indego365,2022-08-13,5,1,17.982093663911847,442.0,5,27.0,15.0,0
507826139,64,3116,3289,Indego30,2022-08-13,5,9,27.56749311294766,6.0,0,19.0,17.0,0
507838349,22,3026,3289,Indego30,2022-08-13,5,10,14.702777777777778,0.0,0,19.0,19.0,0
507839580,30,3014,3289,Indego30,2022-08-13,5,10,19.77158273381295,1.0,0,19.0,19.0,0
507851333,8,3102,3289,Indego30,2022-08-13,5,11,7.330914368650218,315.0,21,19.0,15.0,0
507938718,58,3212,3289,Indego30,2022-08-13,5,17,27.56749311294766,1.0,1,26.0,13.0,0
507952066,52,3102,3289,Indego30,2022-08-13,5,18,32.63726884779516,1.0,1,27.0,20.0,0
507954241,50,3102,3289,Indego30,2022-08-13,5,19,27.56749311294766,1004.0,21,27.0,13.5,0
508236369,28,3034,3289,Indego30,2022-08-14,6,12,27.56749311294766,234.0,8,21.0,11.0,0
508318275,157,3100,3289,Indego365,2022-08-14,6,18,18.048342541436465,55.0,3,26.0,13.0,0
508328548,18,3124,3289,Indego30,2022-08-14,6,19,18.486225895316803,758.0,21,28.0,7.0,0
508554758,43,3124,3289,Indego30,2022-08-15,0,9,11.672540381791483,487.0,6,21.0,0.0,0
508661536,10,3088,3289,Indego365,2022-08-15,0,17,11.672540381791483,1440.0,28,28.0,19.0,0
509027471,15,3033,3289,Indego30,2022-08-16,1,17,11.888429752066116,73.0,3,29.0,15.0,0
509055562,13,3088,3289,Indego30,2022-08-16,1,19,20.27510316368638,899.0,14,29.0,22.0,0
509307243,14,3033,3289,Indego30,2022-08-17,2,10,11.888429752066116,108.0,2,21.0,6.0,0
509335630,7,3154,3289,Indego365,2022-08-17,2,12,20.27510316368638,419.0,17,23.0,11.0,0
509439938,13,3069,3289,Indego30,2022-08-17,2,19,24.973865199449794,933.0,11,28.0,9.0,0
509718226,8,3052,3289,Indego30,2022-08-18,3,11,13.835408022130014,769.0,46,19.0,9.0,0
509973807,11,3073,3289,Indego30,2022-08-19,4,0,32.96291208791209,6614.0,104,28.0,17.0,0
511606945,17,3256,3289,Indego365,2022-08-23,1,14,27.84413793103448,363.0,27,26.0,6.0,0
511780538,11,3125,3289,Indego30,2022-08-23,1,21,20.603004291845494,508.0,7,29.0,9.0,0
511834926,9,3256,3289,Indego30,2022-08-24,2,5,20.220547945205478,1049.0,53,24.0,9.0,0
512140958,16,3046,3289,Indego365,2022-08-24,2,23,20.603004291845494,476.0,4,31.0,19.0,0
512228647,18,3062,3289,Indego30,2022-08-25,3,7,27.84413793103448,10.0,0,24.0,7.0,0
512235657,15,3045,3289,Indego30,2022-08-25,3,8,10.35343618513324,18.0,0,24.0,7.0,0
512242025,2,3052,3289,Indego30,2022-08-25,3,8,32.76164383561644,558.0,47,24.0,7.0,0
512374328,8,3154,3289,Indego365,2022-08-25,3,17,32.96291208791209,50.0,7,33.0,15.0,0
512517361,104,3004,3289,Indego30,2022-08-25,3,20,24.973865199449794,108.0,4,33.0,15.0,0
512529161,9,3102,3289,Indego30,2022-08-25,3,22,11.382978723404255,2339.0,60,32.0,17.0,0
513186404,370,3041,3289,Day Pass,2022-08-27,5,19,27.56749311294766,964.0,24,27.0,15.0,0
513463340,51,3161,3289,Indego30,2022-08-28,6,12,11.214285714285714,1.0,0,25.0,17.0,0
513476979,60,3121,3289,Indego30,2022-08-28,6,13,16.9625,123.0,2,26.0,17.0,0
513504531,6,3051,3289,Indego365,2022-08-28,6,15,13.633870967741936,6.0,0,30.0,9.0,0
513504930,9,3120,3289,Indego365,2022-08-28,6,15,15.570054945054945,107.0,3,30.0,9.0,0
513532241,17,3208,3289,Indego30,2022-08-28,6,17,10.232167832167832,102.0,3,33.0,19.0,0
513556345,9,3203,3289,Indego30,2022-08-28,6,19,34.06849315068493,717.0,8,31.0,26.0,0
513760432,7,3032,3289,Indego365,2022-08-29,0,7,20.875,71.0,5,24.0,7.0,0
513784631,8,3202,3289,Indego365,2022-08-29,0,9,36.32967032967033,971.0,55,24.0,6.0,0
514171329,20,3112,3289,Indego30,2022-08-30,1,1,40.20493066255778,361.0,2,28.0,11.0,0
514338049,11,3020,3289,Indego365,2022-08-30,1,7,6.945165945165945,616.0,34,26.0,13.0,0
514659071,16,3203,3289,Indego365,2022-08-30,1,18,22.583216783216784,1108.0,25,33.0,20.0,0
515194209,73,3203,3289,Indego30,2022-08-31,2,14,20.875,89.0,5,24.0,15.0,0
515242825,6,3168,3289,Indego365,2022-08-31,2,15,20.875,154.0,17,28.0,20.0,0
515329352,7,3029,3289,Indego30,2022-08-31,2,18,33.78326474622771,12.0,0,29.0,17.0,0
515330866,13,3190,3289,Indego30,2022-08-31,2,18,21.46206896551724,226.0,17,29.0,20.0,0
515497820,7,3012,3289,Indego365,2022-08-31,2,22,37.46840659340659,2200.0,59,29.0,20.0,0
516406529,4,3170,3289,Indego365,2022-09-02,4,11,25.94650205761317,493.0,7,19.0,15.0,0
516642063,10,3168,3289,Indego30,2022-09-02,4,19,11.792767732962448,9643.0,292,29.0,7.0,0
521182727,7,3029,3289,Indego30,2022-09-09,4,12,33.78326474622771,56.0,3,22.0,13.0,0
521210732,5,3006,3289,Indego30,2022-09-09,4,13,21.46206896551724,1268.0,27,23.0,13.0,0
521791748,12,3032,3289,Indego30,2022-09-10,5,10,19.300824175824175,3020.0,67,17.0,0.0,0
523125741,14,3164,3289,Indego30,2022-09-12,0,13,20.220547945205478,1861.0,40,24.0,6.0,0
524028683,15,3190,3289,Indego30,2022-09-13,1,20,12.678620689655173,603.0,5,28.0,28.0,0
524218432,9,3015,3289,Indego30,2022-09-14,2,6,37.46840659340659,34.0,0,20.0,9.0,0
524246553,13,3204,3289,Indego365,2022-09-14,2,7,11.218793828892005,43.0,3,19.0,9.0,0
524275736,10,3022,3289,Indego30,2022-09-14,2,8,12.662968099861304,75.0,5,18.0,11.0,0
524321759,15,3159,3289,Indego30,2022-09-14,2,10,26.441700960219478,345.0,25,18.0,11.0,0
524511985,25,3030,3289,Indego30,2022-09-14,2,16,14.530303030303031,27.0,5,25.0,15.0,0
524514363,12,3164,3289,Indego30,2022-09-14,2,16,18.99312242090784,1530.0,37,26.0,19.0,0
525292002,25,3075,3289,Indego30,2022-09-15,3,18,19.381308411214953,110.0,4,24.0,13.0,0
525438302,21,3153,3289,Indego30,2022-09-15,3,21,15.110958904109589,87.0,2,25.0,9.0,0
525466027,16,3056,3289,Indego30,2022-09-15,3,22,5.308139534883721,690.0,4,23.0,17.0,0
525759338,9,3051,3289,Indego30,2022-09-16,4,10,11.706206896551723,455.0,17,14.0,7.0,0
526007265,31,3030,3289,Indego30,2022-09-16,4,18,15.570054945054945,1335.0,53,24.0,0.0,0
526697339,63,3050,3289,Day Pass,2022-09-17,5,17,18.99312242090784,67.0,5,26.0,6.0,0
526757343,11,3045,3289,Indego30,2022-09-17,5,19,17.001381215469614,468.0,20,27.0,9.0,0
526977026,10,3019,3289,Indego30,2022-09-18,6,3,32.76164383561644,3702.0,35,22.0,9.0,0
528939568,17,3244,3289,Indego365,2022-09-20,1,17,6.5141242937853105,2935.0,93,27.0,26.0,0
530524240,10,3197,3289,Indego365,2022-09-22,3,18,24.591760299625467,926.0,17,18.0,24.0,1
530998733,10,3034,3289,Indego30,2022-09-23,4,9,8.686629526462395,83.0,7,13.0,28.0,0
531065364,19,3165,3289,Indego365,2022-09-23,4,11,18.048342541436465,468.0,20,13.0,28.0,0
531338050,14,3032,3289,Indego30,2022-09-23,4,19,12.31437125748503,918.0,19,20.0,39.0,0
531812930,4,3012,3289,Indego30,2022-09-24,5,10,36.32967032967033,38.0,2,11.0,13.0,0
531845867,16,3005,3289,Day Pass,2022-09-24,5,11,25.94650205761317,814.0,15,11.0,17.0,0
532296049,8,3155,3289,Indego30,2022-09-25,6,1,9.37126600284495,3765.0,56,18.0,17.0,0
534215429,4,3069,3289,Indego30,2022-09-27,1,16,15.414701803051317,997.0,23,21.0,20.0,0
534615133,6,3046,3289,Indego365,2022-09-28,2,8,13.835408022130014,204.0,12,12.0,7.0,0
534734827,7,3015,3289,Indego30,2022-09-28,2,12,27.84413793103448,81.0,4,12.0,13.0,0
534765927,5,3046,3289,Indego30,2022-09-28,2,13,11.218793828892005,5.0,1,16.0,24.0,0
534776530,5,3169,3289,Indego30,2022-09-28,2,14,27.84413793103448,29.0,3,16.0,24.0,0
534795650,18,3202,3289,Indego30,2022-09-28,2,14,14.510344827586207,23.0,0,17.0,13.0,0
534824327,5,3167,3289,Indego365,2022-09-28,2,15,40.20493066255778,15.0,1,17.0,13.0,0
534825445,10,3028,3289,Indego365,2022-09-28,2,15,35.599112426035504,47.0,8,18.0,11.0,0
534857241,25,3164,3289,Indego30,2022-09-28,2,16,28.8161865569273,1122.0,22,21.0,20.0,0
535417329,7,3030,3289,Indego30,2022-09-29,3,11,12.678620689655173,138.0,3,14.0,20.0,0
535492829,5,3264,3289,Indego30,2022-09-29,3,14,18.99312242090784,28.0,2,17.0,26.0,0
535505927,5,3030,3289,Indego30,2022-09-29,3,14,19.462555066079297,300.0,28,19.0,20.0,0
535658950,7,3167,3289,Indego30,2022-09-29,3,19,18.99312242090784,329.0,16,21.0,13.0,0
535837732,19,3022,3289,Indego30,2022-09-30,4,1,35.599112426035504,9569.0,161,18.0,11.0,0
539765710,52,3104,3289,Indego30,2022-10-06,3,17,26.441700960219478,833.0,4,22.0,0.0,0
540059125,7,3207,3289,Indego30,2022-10-07,4,7,5.184397163120567,614.0,22,16.0,7.0,0
540270626,7,3061,3289,Indego30,2022-10-07,4,18,21.638239339752406,164.0,16,26.0,20.0,0
540405622,5,3170,3289,Indego30,2022-10-07,4,21,19.381308411214953,1320.0,15,25.0,17.0,0
540786831,21,3209,3289,Indego30,2022-10-08,5,19,11.792767732962448,393.0,2,16.0,13.0,0
540941930,11,3271,3289,Indego30,2022-10-09,6,2,8.716480446927374,6372.0,12,11.0,13.0,0
543596452,29,3168,3289,Indego30,2022-10-13,3,12,2.6795366795366795,33.0,1,18.0,13.0,1
543622932,11,3009,3289,Indego365,2022-10-13,3,13,33.78326474622771,280.0,17,18.0,13.0,0
543759242,12,3168,3289,Indego365,2022-10-13,3,18,21.68377253814147,145.0,5,22.0,17.0,0
543899064,6,3022,3289,Indego30,2022-10-13,3,21,33.78326474622771,58.0,2,21.0,15.0,0
543923588,24,3115,3289,Indego30,2022-10-13,3,22,26.441700960219478,549.0,0,20.0,15.0,0
544101748,13,3052,3289,Indego30,2022-10-14,4,7,5.801980198019802,209.0,21,13.0,15.0,0
544208358,19,3064,3289,Indego30,2022-10-14,4,11,16.5,91.0,3,13.0,9.0,0
544262403,27,3035,3289,Indego30,2022-10-14,4,13,17.983493810178818,280.0,5,13.0,9.0,0
544385747,12,3168,3289,Indego365,2022-10-14,4,18,16.5,139.0,14,19.0,13.0,0
544526169,24,3277,3289,Indego30,2022-10-14,4,21,33.78326474622771,668.0,0,21.0,13.0,0
544755347,20,3168,3289,Indego30,2022-10-15,5,8,2.2641509433962264,122.0,6,10.0,0.0,0
544808539,12,3185,3289,Day Pass,2022-10-15,5,10,33.78326474622771,150.0,10,9.0,0.0,0
544890125,5,3045,3289,Indego30,2022-10-15,5,13,26.81344307270233,753.0,36,13.0,0.0,0
545236109,12,3102,3289,Indego365,2022-10-16,6,2,32.76164383561644,505.0,9,16.0,6.0,0
545464272,29,3273,3289,Day Pass,2022-10-16,6,11,27.56749311294766,21.0,4,11.0,0.0,0
545485175,31,3205,3289,Indego30,2022-10-16,6,11,11.484581497797357,107.0,5,11.0,0.0,0
545567350,44,3019,3289,Day Pass,2022-10-16,6,14,12.595833333333333,8246.0,51,14.0,9.0,0
549185528,7,3201,3289,Indego365,2022-10-22,5,7,6.5141242937853105,106.0,3,7.0,0.0,0
549251864,21,3212,3289,Day Pass,2022-10-22,5,10,15.625172890733056,30.0,6,8.0,0.0,0
549288200,37,3201,3289,Day Pass,2022-10-22,5,11,32.63726884779516,126.0,6,7.0,6.0,0
549343695,36,3261,3289,Indego30,2022-10-22,5,13,15.625172890733056,1130.0,19,11.0,0.0,0
549849645,23,3057,3289,Indego30,2022-10-23,6,9,12.578005115089514,146.0,5,13.0,7.0,0
549909555,18,3261,3289,Indego30,2022-10-23,6,11,28.44705882352941,5566.0,65,14.0,17.0,0
552040770,16,3161,3289,Indego30,2022-10-27,3,8,17.001381215469614,136.0,5,13.0,11.0,0
552109824,4,3078,3289,Indego365,2022-10-27,3,11,16.9625,1484.0,26,13.0,9.0,0
552709944,2,3061,3289,Indego365,2022-10-28,4,12,20.33149931224209,107.0,1,8.0,13.0,0
552737230,4,3078,3289,Indego365,2022-10-28,4,13,20.692094313453538,299.0,13,10.0,20.0,0
552866326,9,3125,3289,Indego30,2022-10-28,4,18,20.33149931224209,889.0,15,15.0,17.0,0
553227034,7,3068,3289,Indego365,2022-10-29,5,9,20.220547945205478,284.0,13,8.0,13.0,0
553350728,5,3098,3289,Indego30,2022-10-29,5,14,14.934156378600823,5664.0,56,12.0,13.0,0
555690387,29,3098,3289,Indego30,2022-11-02,2,13,13.145833333333334,147.0,3,14.0,22.0,0
555767255,12,3255,3289,Indego30,2022-11-02,2,16,13.145833333333334,23.0,0,19.0,17.0,0
555794751,43,3045,3289,Indego30,2022-11-02,2,17,19.137860082304528,1896.0,85,21.0,17.0,0
556497555,7,3154,3289,Indego30,2022-11-04,4,1,32.76164383561644,912.0,19,14.0,0.0,0
556887845,12,3086,3289,Indego365,2022-11-04,4,16,24.973865199449794,1307.0,19,16.0,7.0,0
557490963,53,3032,3289,Indego30,2022-11-05,5,15,10.585635359116022,13.0,4,19.0,6.0,0
557492227,4,3162,3289,Indego30,2022-11-05,5,15,36.32967032967033,64.0,6,22.0,15.0,0
557521132,9,3251,3289,Indego30,2022-11-05,5,16,11.904299583911234,34.0,0,24.0,24.0,0
557548135,9,3162,3289,Indego30,2022-11-05,5,17,3.273170731707317,438.0,7,24.0,24.0,0
557759499,9,3251,3289,Indego30,2022-11-06,6,0,11.904299583911234,585.0,1,20.0,17.0,0
557995830,10,3162,3289,Indego30,2022-11-06,6,10,3.273170731707317,1.0,0,20.0,11.0,0
557996026,4,3162,3289,Indego30,2022-11-06,6,10,11.904299583911234,49.0,0,20.0,11.0,0
558023342,8,3207,3289,Indego30,2022-11-06,6,11,11.904299583911234,483.0,10,19.0,9.0,0
558319299,7,3163,3289,Indego30,2022-11-06,6,19,21.638239339752406,1079.0,35,23.0,17.0,0
558655177,26,3053,3289,Day Pass,2022-11-07,0,14,21.129172714078376,97.0,3,22.0,15.0,0
558654232,31,3017,3289,Indego30,2022-11-07,0,16,13.30110497237569,943.0,8,24.0,17.0,0
559157297,5,3097,3289,Indego30,2022-11-08,1,8,6.42674253200569,450.0,10,11.0,19.0,0
559373163,125,3166,3289,Day Pass,2022-11-08,1,17,7.497860199714693,12659.0,91,13.0,28.0,0
564293931,3,3059,3289,Indego30,2022-11-17,3,12,24.973865199449794,145.0,3,4.0,24.0,0
564351411,8,3250,3289,Indego30,2022-11-17,3,15,16.649655172413794,35592.0,122,6.0,31.0,0
574110870,24,3208,3289,Indego30,2022-12-12,0,9,5.8076923076923075,369.0,19,2.0,0.0,0
574220472,24,3250,3289,Indego30,2022-12-12,0,15,34.06849315068493,2541.0,18,5.0,19.0,0
574917480,48,3278,3289,Indego30,2022-12-14,2,10,11.705645161290322,9162.0,13,-1.0,17.0,0
576921462,16,3245,3289,Indego30,2022-12-20,1,19,2.2113821138211383,6.0,0,5.0,15.0,0
576921425,43,3245,3289,Indego30,2022-12-20,1,20,12.035580524344569,12.0,0,5.0,15.0,0
576932650,40,3210,3289,Indego30,2022-12-20,1,21,12.035580524344569,1.0,0,4.0,13.0,0
576932606,21,3245,3289,Indego30,2022-12-20,1,21,8.800829875518673,626.0,1,4.0,11.0,0
577042144,7,3065,3289,Indego30,2022-12-21,2,8,12.035580524344569,10626.0,20,-2.0,7.0,0
578797865,14,3097,3289,Indego365,2022-12-28,2,17,5.512640449438202,1508.6,5,8.0,22.0,0
